{
  "results": [
    [
      0.12195857631208526,
      0.5,
      0.5
    ],
    [
      0.12663382264226825,
      0.2,
      0.5
    ],
    [
      0.12773979489241907,
      0.8,
      0.5
    ],
    [
      0.1292982103358134,
      0.5,
      1.0
    ],
    [
      0.1313593404383672,
      0.8,
      1.0
    ],
    [
      0.1332193846772572,
      1.0,
      0.5
    ],
    [
      0.13668811582545748,
      0.2,
      1.0
    ],
    [
      0.1369394731550372,
      1.0,
      1.0
    ],
    [
      0.1381459883370199,
      0.8,
      1.5
    ],
    [
      0.13975467524633017,
      0.5,
      1.5
    ],
    [
      0.14136336215564047,
      1.0,
      1.5
    ],
    [
      0.1453348079630002,
      0.8,
      2.0
    ],
    [
      0.1459883370199075,
      1.0,
      2.0
    ],
    [
      0.1497084254976875,
      0.2,
      1.5
    ],
    [
      0.151116026543334,
      1.0,
      2.5
    ],
    [
      0.1518700985320732,
      0.8,
      2.5
    ],
    [
      0.15202091292982103,
      0.5,
      2.0
    ],
    [
      0.16162276291976674,
      1.5,
      1.0
    ],
    [
      0.16172330585159864,
      1.5,
      0.5
    ],
    [
      0.16262819223808567,
      1.5,
      1.5
    ],
    [
      0.16338226422682486,
      1.5,
      2.0
    ],
    [
      0.16393525035190026,
      1.5,
      2.5
    ],
    [
      0.16448823647697566,
      0.5,
      2.5
    ],
    [
      0.17016891212547758,
      0.2,
      2.0
    ],
    [
      0.18811582545747035,
      0.2,
      2.5
    ]
  ],
  "best": {
    "alpha": 0.5,
    "beta": 0.5,
    "wer": 0.12195857631208526
  }
}